,rank,title,fullTitle,year,crew,imDbRating,imDbRating
0,1,The Shawshank Redemption,The Shawshank Redemption (1994),1994,"Frank Darabont (dir.), Tim Robbins, Morgan Freeman",9.2,9.2
1,2,The Godfather,The Godfather (1972),1972,"Francis Ford Coppola (dir.), Marlon Brando, Al Pacino",9.2,9.2
2,3,The Dark Knight,The Dark Knight (2008),2008,"Christopher Nolan (dir.), Christian Bale, Heath Ledger",9.0,9.0
3,4,The Godfather Part II,The Godfather Part II (1974),1974,"Francis Ford Coppola (dir.), Al Pacino, Robert De Niro",9.0,9.0
4,5,12 Angry Men,12 Angry Men (1957),1957,"Sidney Lumet (dir.), Henry Fonda, Lee J. Cobb",9.0,9.0
5,6,Schindler's List,Schindler's List (1993),1993,"Steven Spielberg (dir.), Liam Neeson, Ralph Fiennes",8.9,8.9
6,7,The Lord of the Rings: The Return of the King,The Lord of the Rings: The Return of the King (2003),2003,"Peter Jackson (dir.), Elijah Wood, Viggo Mortensen",8.9,8.9
7,8,Pulp Fiction,Pulp Fiction (1994),1994,"Quentin Tarantino (dir.), John Travolta, Uma Thurman",8.8,8.8
8,9,The Lord of the Rings: The Fellowship of the Ring,The Lord of the Rings: The Fellowship of the Ring (2001),2001,"Peter Jackson (dir.), Elijah Wood, Ian McKellen",8.8,8.8
9,10,"The Good, the Bad and the Ugly","The Good, the Bad and the Ugly (1966)",1966,"Sergio Leone (dir.), Clint Eastwood, Eli Wallach",8.8,8.8
10,11,Forrest Gump,Forrest Gump (1994),1994,"Robert Zemeckis (dir.), Tom Hanks, Robin Wright",8.8,8.8
11,12,Fight Club,Fight Club (1999),1999,"David Fincher (dir.), Brad Pitt, Edward Norton",8.7,8.7
12,13,The Lord of the Rings: The Two Towers,The Lord of the Rings: The Two Towers (2002),2002,"Peter Jackson (dir.), Elijah Wood, Ian McKellen",8.7,8.7
13,14,Inception,Inception (2010),2010,"Christopher Nolan (dir.), Leonardo DiCaprio, Joseph Gordon-Levitt",8.7,8.7
14,15,Star Wars: Episode V - The Empire Strikes Back,Star Wars: Episode V - The Empire Strikes Back (1980),1980,"Irvin Kershner (dir.), Mark Hamill, Harrison Ford",8.7,8.7
15,16,The Matrix,The Matrix (1999),1999,"Lana Wachowski (dir.), Keanu Reeves, Laurence Fishburne",8.7,8.7
16,17,Goodfellas,Goodfellas (1990),1990,"Martin Scorsese (dir.), Robert De Niro, Ray Liotta",8.7,8.7
17,18,One Flew Over the Cuckoo's Nest,One Flew Over the Cuckoo's Nest (1975),1975,"Milos Forman (dir.), Jack Nicholson, Louise Fletcher",8.6,8.6
18,19,Se7en,Se7en (1995),1995,"David Fincher (dir.), Morgan Freeman, Brad Pitt",8.6,8.6
19,20,Seven Samurai,Seven Samurai (1954),1954,"Akira Kurosawa (dir.), Toshirô Mifune, Takashi Shimura",8.6,8.6
20,21,It's a Wonderful Life,It's a Wonderful Life (1946),1946,"Frank Capra (dir.), James Stewart, Donna Reed",8.6,8.6
21,22,The Silence of the Lambs,The Silence of the Lambs (1991),1991,"Jonathan Demme (dir.), Jodie Foster, Anthony Hopkins",8.6,8.6
22,23,City of God,City of God (2002),2002,"Fernando Meirelles (dir.), Alexandre Rodrigues, Leandro Firmino",8.6,8.6
23,24,Saving Private Ryan,Saving Private Ryan (1998),1998,"Steven Spielberg (dir.), Tom Hanks, Matt Damon",8.6,8.6
24,25,Interstellar,Interstellar (2014),2014,"Christopher Nolan (dir.), Matthew McConaughey, Anne Hathaway",8.6,8.6
25,26,Life Is Beautiful,Life Is Beautiful (1997),1997,"Roberto Benigni (dir.), Roberto Benigni, Nicoletta Braschi",8.6,8.6
26,27,The Green Mile,The Green Mile (1999),1999,"Frank Darabont (dir.), Tom Hanks, Michael Clarke Duncan",8.6,8.6
27,28,Star Wars: Episode IV - A New Hope,Star Wars: Episode IV - A New Hope (1977),1977,"George Lucas (dir.), Mark Hamill, Harrison Ford",8.5,8.5
28,29,Terminator 2: Judgment Day,Terminator 2: Judgment Day (1991),1991,"James Cameron (dir.), Arnold Schwarzenegger, Linda Hamilton",8.5,8.5
29,30,Back to the Future,Back to the Future (1985),1985,"Robert Zemeckis (dir.), Michael J. Fox, Christopher Lloyd",8.5,8.5
30,31,Spirited Away,Spirited Away (2001),2001,"Hayao Miyazaki (dir.), Daveigh Chase, Suzanne Pleshette",8.5,8.5
31,32,The Pianist,The Pianist (2002),2002,"Roman Polanski (dir.), Adrien Brody, Thomas Kretschmann",8.5,8.5
32,33,Psycho,Psycho (1960),1960,"Alfred Hitchcock (dir.), Anthony Perkins, Janet Leigh",8.5,8.5
33,34,Parasite,Parasite (2019),2019,"Bong Joon Ho (dir.), Song Kang-ho, Lee Sun-kyun",8.5,8.5
34,35,Léon: The Professional,Léon: The Professional (1994),1994,"Luc Besson (dir.), Jean Reno, Gary Oldman",8.5,8.5
35,36,The Lion King,The Lion King (1994),1994,"Roger Allers (dir.), Matthew Broderick, Jeremy Irons",8.5,8.5
36,37,Gladiator,Gladiator (2000),2000,"Ridley Scott (dir.), Russell Crowe, Joaquin Phoenix",8.5,8.5
37,38,American History X,American History X (1998),1998,"Tony Kaye (dir.), Edward Norton, Edward Furlong",8.5,8.5
38,39,The Departed,The Departed (2006),2006,"Martin Scorsese (dir.), Leonardo DiCaprio, Matt Damon",8.5,8.5
39,40,The Usual Suspects,The Usual Suspects (1995),1995,"Bryan Singer (dir.), Kevin Spacey, Gabriel Byrne",8.5,8.5
40,41,The Prestige,The Prestige (2006),2006,"Christopher Nolan (dir.), Christian Bale, Hugh Jackman",8.5,8.5
41,42,Whiplash,Whiplash (2014),2014,"Damien Chazelle (dir.), Miles Teller, J.K. Simmons",8.5,8.5
42,43,Casablanca,Casablanca (1942),1942,"Michael Curtiz (dir.), Humphrey Bogart, Ingrid Bergman",8.5,8.5
43,44,Grave of the Fireflies,Grave of the Fireflies (1988),1988,"Isao Takahata (dir.), Tsutomu Tatsumi, Ayano Shiraishi",8.5,8.5
44,45,Harakiri,Harakiri (1962),1962,"Masaki Kobayashi (dir.), Tatsuya Nakadai, Akira Ishihama",8.5,8.5
45,46,The Intouchables,The Intouchables (2011),2011,"Olivier Nakache (dir.), François Cluzet, Omar Sy",8.5,8.5
46,47,Modern Times,Modern Times (1936),1936,"Charles Chaplin (dir.), Charles Chaplin, Paulette Goddard",8.4,8.4
47,48,Once Upon a Time in the West,Once Upon a Time in the West (1968),1968,"Sergio Leone (dir.), Henry Fonda, Charles Bronson",8.4,8.4
48,49,Rear Window,Rear Window (1954),1954,"Alfred Hitchcock (dir.), James Stewart, Grace Kelly",8.4,8.4
49,50,Cinema Paradiso,Cinema Paradiso (1988),1988,"Giuseppe Tornatore (dir.), Philippe Noiret, Enzo Cannavale",8.4,8.4
50,51,Alien,Alien (1979),1979,"Ridley Scott (dir.), Sigourney Weaver, Tom Skerritt",8.4,8.4
51,52,City Lights,City Lights (1931),1931,"Charles Chaplin (dir.), Charles Chaplin, Virginia Cherrill",8.4,8.4
52,53,Apocalypse Now,Apocalypse Now (1979),1979,"Francis Ford Coppola (dir.), Martin Sheen, Marlon Brando",8.4,8.4
53,54,Memento,Memento (2000),2000,"Christopher Nolan (dir.), Guy Pearce, Carrie-Anne Moss",8.4,8.4
54,55,Django Unchained,Django Unchained (2012),2012,"Quentin Tarantino (dir.), Jamie Foxx, Christoph Waltz",8.4,8.4
55,56,Indiana Jones and the Raiders of the Lost Ark,Indiana Jones and the Raiders of the Lost Ark (1981),1981,"Steven Spielberg (dir.), Harrison Ford, Karen Allen",8.4,8.4
56,57,WALL·E,WALL·E (2008),2008,"Andrew Stanton (dir.), Ben Burtt, Elissa Knight",8.4,8.4
57,58,The Lives of Others,The Lives of Others (2006),2006,"Florian Henckel von Donnersmarck (dir.), Ulrich Mühe, Martina Gedeck",8.4,8.4
58,59,Sunset Blvd.,Sunset Blvd. (1950),1950,"Billy Wilder (dir.), William Holden, Gloria Swanson",8.4,8.4
59,60,Paths of Glory,Paths of Glory (1957),1957,"Stanley Kubrick (dir.), Kirk Douglas, Ralph Meeker",8.4,8.4
60,61,The Shining,The Shining (1980),1980,"Stanley Kubrick (dir.), Jack Nicholson, Shelley Duvall",8.4,8.4
61,62,The Great Dictator,The Great Dictator (1940),1940,"Charles Chaplin (dir.), Charles Chaplin, Paulette Goddard",8.4,8.4
62,63,Avengers: Infinity War,Avengers: Infinity War (2018),2018,"Anthony Russo (dir.), Robert Downey Jr., Chris Hemsworth",8.4,8.4
63,64,Witness for the Prosecution,Witness for the Prosecution (1957),1957,"Billy Wilder (dir.), Tyrone Power, Marlene Dietrich",8.4,8.4
64,65,Aliens,Aliens (1986),1986,"James Cameron (dir.), Sigourney Weaver, Michael Biehn",8.3,8.3
65,66,Spider-Man: Into the Spider-Verse,Spider-Man: Into the Spider-Verse (2018),2018,"Bob Persichetti (dir.), Shameik Moore, Jake Johnson",8.3,8.3
66,67,American Beauty,American Beauty (1999),1999,"Sam Mendes (dir.), Kevin Spacey, Annette Bening",8.3,8.3
67,68,Dr. Strangelove or: How I Learned to Stop Worrying and Love the Bomb,Dr. Strangelove or: How I Learned to Stop Worrying and Love the Bomb (1964),1964,"Stanley Kubrick (dir.), Peter Sellers, George C. Scott",8.3,8.3
68,69,The Dark Knight Rises,The Dark Knight Rises (2012),2012,"Christopher Nolan (dir.), Christian Bale, Tom Hardy",8.3,8.3
69,70,Oldboy,Oldboy (2003),2003,"Park Chan-wook (dir.), Choi Min-sik, Yoo Ji-tae",8.3,8.3
70,71,Inglourious Basterds,Inglourious Basterds (2009),2009,"Quentin Tarantino (dir.), Brad Pitt, Diane Kruger",8.3,8.3
71,72,Amadeus,Amadeus (1984),1984,"Milos Forman (dir.), F. Murray Abraham, Tom Hulce",8.3,8.3
72,73,Coco,Coco (2017),2017,"Lee Unkrich (dir.), Anthony Gonzalez, Gael García Bernal",8.3,8.3
73,74,Toy Story,Toy Story (1995),1995,"John Lasseter (dir.), Tom Hanks, Tim Allen",8.3,8.3
74,75,Joker,Joker (2019),2019,"Todd Phillips (dir.), Joaquin Phoenix, Robert De Niro",8.3,8.3
75,76,Braveheart,Braveheart (1995),1995,"Mel Gibson (dir.), Mel Gibson, Sophie Marceau",8.3,8.3
76,77,The Boat,The Boat (1981),1981,"Wolfgang Petersen (dir.), Jürgen Prochnow, Herbert Grönemeyer",8.3,8.3
77,78,Avengers: Endgame,Avengers: Endgame (2019),2019,"Anthony Russo (dir.), Robert Downey Jr., Chris Evans",8.3,8.3
78,79,Princess Mononoke,Princess Mononoke (1997),1997,"Hayao Miyazaki (dir.), Yôji Matsuda, Yuriko Ishida",8.3,8.3
79,80,Once Upon a Time in America,Once Upon a Time in America (1984),1984,"Sergio Leone (dir.), Robert De Niro, James Woods",8.3,8.3
80,81,Good Will Hunting,Good Will Hunting (1997),1997,"Gus Van Sant (dir.), Robin Williams, Matt Damon",8.3,8.3
81,82,Your Name.,Your Name. (2016),2016,"Makoto Shinkai (dir.), Ryûnosuke Kamiki, Mone Kamishiraishi",8.3,8.3
82,83,3 Idiots,3 Idiots (2009),2009,"Rajkumar Hirani (dir.), Aamir Khan, Madhavan",8.3,8.3
83,84,Singin' in the Rain,Singin' in the Rain (1952),1952,"Stanley Donen (dir.), Gene Kelly, Donald O'Connor",8.3,8.3
84,85,Requiem for a Dream,Requiem for a Dream (2000),2000,"Darren Aronofsky (dir.), Ellen Burstyn, Jared Leto",8.3,8.3
85,86,Toy Story 3,Toy Story 3 (2010),2010,"Lee Unkrich (dir.), Tom Hanks, Tim Allen",8.3,8.3
86,87,High and Low,High and Low (1963),1963,"Akira Kurosawa (dir.), Toshirô Mifune, Yutaka Sada",8.3,8.3
87,88,Capernaum,Capernaum (2018),2018,"Nadine Labaki (dir.), Zain Al Rafeea, Yordanos Shiferaw",8.3,8.3
88,89,Star Wars: Episode VI - Return of the Jedi,Star Wars: Episode VI - Return of the Jedi (1983),1983,"Richard Marquand (dir.), Mark Hamill, Harrison Ford",8.3,8.3
89,90,Eternal Sunshine of the Spotless Mind,Eternal Sunshine of the Spotless Mind (2004),2004,"Michel Gondry (dir.), Jim Carrey, Kate Winslet",8.3,8.3
90,91,2001: A Space Odyssey,2001: A Space Odyssey (1968),1968,"Stanley Kubrick (dir.), Keir Dullea, Gary Lockwood",8.3,8.3
91,92,Reservoir Dogs,Reservoir Dogs (1992),1992,"Quentin Tarantino (dir.), Harvey Keitel, Tim Roth",8.3,8.3
92,93,Come and See,Come and See (1985),1985,"Elem Klimov (dir.), Aleksey Kravchenko, Olga Mironova",8.3,8.3
93,94,The Hunt,The Hunt (2012),2012,"Thomas Vinterberg (dir.), Mads Mikkelsen, Thomas Bo Larsen",8.3,8.3
94,95,Citizen Kane,Citizen Kane (1941),1941,"Orson Welles (dir.), Orson Welles, Joseph Cotten",8.3,8.3
95,96,M,M (1931),1931,"Fritz Lang (dir.), Peter Lorre, Ellen Widmann",8.3,8.3
96,97,Lawrence of Arabia,Lawrence of Arabia (1962),1962,"David Lean (dir.), Peter O'Toole, Alec Guinness",8.3,8.3
97,98,North by Northwest,North by Northwest (1959),1959,"Alfred Hitchcock (dir.), Cary Grant, Eva Marie Saint",8.2,8.2
98,99,Vertigo,Vertigo (1958),1958,"Alfred Hitchcock (dir.), James Stewart, Kim Novak",8.2,8.2
99,100,Ikiru,Ikiru (1952),1952,"Akira Kurosawa (dir.), Takashi Shimura, Nobuo Kaneko",8.2,8.2
100,101,Amélie,Amélie (2001),2001,"Jean-Pierre Jeunet (dir.), Audrey Tautou, Mathieu Kassovitz",8.2,8.2
101,102,The Apartment,The Apartment (1960),1960,"Billy Wilder (dir.), Jack Lemmon, Shirley MacLaine",8.2,8.2
102,103,A Clockwork Orange,A Clockwork Orange (1971),1971,"Stanley Kubrick (dir.), Malcolm McDowell, Patrick Magee",8.2,8.2
103,104,Double Indemnity,Double Indemnity (1944),1944,"Billy Wilder (dir.), Fred MacMurray, Barbara Stanwyck",8.2,8.2
104,105,Full Metal Jacket,Full Metal Jacket (1987),1987,"Stanley Kubrick (dir.), Matthew Modine, R. Lee Ermey",8.2,8.2
105,106,Top Gun: Maverick,Top Gun: Maverick (2022),2022,"Joseph Kosinski (dir.), Tom Cruise, Jennifer Connelly",8.2,8.2
106,107,Scarface,Scarface (1983),1983,"Brian De Palma (dir.), Al Pacino, Michelle Pfeiffer",8.2,8.2
107,108,Hamilton,Hamilton (2020),2020,"Thomas Kail (dir.), Lin-Manuel Miranda, Phillipa Soo",8.2,8.2
108,109,Incendies,Incendies (2010),2010,"Denis Villeneuve (dir.), Lubna Azabal, Mélissa Désormeaux-Poulin",8.2,8.2
109,110,To Kill a Mockingbird,To Kill a Mockingbird (1962),1962,"Robert Mulligan (dir.), Gregory Peck, John Megna",8.2,8.2
110,111,Heat,Heat (1995),1995,"Michael Mann (dir.), Al Pacino, Robert De Niro",8.2,8.2
111,112,The Sting,The Sting (1973),1973,"George Roy Hill (dir.), Paul Newman, Robert Redford",8.2,8.2
112,113,Up,Up (2009),2009,"Pete Docter (dir.), Edward Asner, Jordan Nagai",8.2,8.2
113,114,A Separation,A Separation (2011),2011,"Asghar Farhadi (dir.), Payman Maadi, Leila Hatami",8.2,8.2
114,115,Metropolis,Metropolis (1927),1927,"Fritz Lang (dir.), Brigitte Helm, Alfred Abel",8.2,8.2
115,116,Taxi Driver,Taxi Driver (1976),1976,"Martin Scorsese (dir.), Robert De Niro, Jodie Foster",8.2,8.2
116,117,L.A. Confidential,L.A. Confidential (1997),1997,"Curtis Hanson (dir.), Kevin Spacey, Russell Crowe",8.2,8.2
117,118,Die Hard,Die Hard (1988),1988,"John McTiernan (dir.), Bruce Willis, Alan Rickman",8.2,8.2
118,119,Snatch,Snatch (2000),2000,"Guy Ritchie (dir.), Jason Statham, Brad Pitt",8.2,8.2
119,120,Indiana Jones and the Last Crusade,Indiana Jones and the Last Crusade (1989),1989,"Steven Spielberg (dir.), Harrison Ford, Sean Connery",8.2,8.2
120,121,Bicycle Thieves,Bicycle Thieves (1948),1948,"Vittorio De Sica (dir.), Lamberto Maggiorani, Enzo Staiola",8.2,8.2
121,122,Like Stars on Earth,Like Stars on Earth (2007),2007,"Aamir Khan (dir.), Darsheel Safary, Aamir Khan",8.2,8.2
122,123,1917,1917 (2019),2019,"Sam Mendes (dir.), Dean-Charles Chapman, George MacKay",8.2,8.2
123,124,Downfall,Downfall (2004),2004,"Oliver Hirschbiegel (dir.), Bruno Ganz, Alexandra Maria Lara",8.2,8.2
124,125,Dangal,Dangal (2016),2016,"Nitesh Tiwari (dir.), Aamir Khan, Sakshi Tanwar",8.2,8.2
125,126,For a Few Dollars More,For a Few Dollars More (1965),1965,"Sergio Leone (dir.), Clint Eastwood, Lee Van Cleef",8.2,8.2
126,127,Batman Begins,Batman Begins (2005),2005,"Christopher Nolan (dir.), Christian Bale, Michael Caine",8.2,8.2
127,128,The Kid,The Kid (1921),1921,"Charles Chaplin (dir.), Charles Chaplin, Edna Purviance",8.2,8.2
128,129,Some Like It Hot,Some Like It Hot (1959),1959,"Billy Wilder (dir.), Marilyn Monroe, Tony Curtis",8.2,8.2
129,130,The Father,The Father (2020),2020,"Florian Zeller (dir.), Anthony Hopkins, Olivia Colman",8.2,8.2
130,131,All About Eve,All About Eve (1950),1950,"Joseph L. Mankiewicz (dir.), Bette Davis, Anne Baxter",8.2,8.2
131,132,The Wolf of Wall Street,The Wolf of Wall Street (2013),2013,"Martin Scorsese (dir.), Leonardo DiCaprio, Jonah Hill",8.2,8.2
132,133,Green Book,Green Book (2018),2018,"Peter Farrelly (dir.), Viggo Mortensen, Mahershala Ali",8.2,8.2
133,134,Judgment at Nuremberg,Judgment at Nuremberg (1961),1961,"Stanley Kramer (dir.), Spencer Tracy, Burt Lancaster",8.2,8.2
134,135,Casino,Casino (1995),1995,"Martin Scorsese (dir.), Robert De Niro, Sharon Stone",8.2,8.2
135,136,Ran,Ran (1985),1985,"Akira Kurosawa (dir.), Tatsuya Nakadai, Akira Terao",8.2,8.2
136,137,Pan's Labyrinth,Pan's Labyrinth (2006),2006,"Guillermo del Toro (dir.), Ivana Baquero, Ariadna Gil",8.2,8.2
137,138,The Truman Show,The Truman Show (1998),1998,"Peter Weir (dir.), Jim Carrey, Ed Harris",8.2,8.2
138,139,There Will Be Blood,There Will Be Blood (2007),2007,"Paul Thomas Anderson (dir.), Daniel Day-Lewis, Paul Dano",8.2,8.2
139,140,Unforgiven,Unforgiven (1992),1992,"Clint Eastwood (dir.), Clint Eastwood, Gene Hackman",8.2,8.2
140,141,The Sixth Sense,The Sixth Sense (1999),1999,"M. Night Shyamalan (dir.), Bruce Willis, Haley Joel Osment",8.2,8.2
141,142,Shutter Island,Shutter Island (2010),2010,"Martin Scorsese (dir.), Leonardo DiCaprio, Emily Mortimer",8.2,8.2
142,143,A Beautiful Mind,A Beautiful Mind (2001),2001,"Ron Howard (dir.), Russell Crowe, Ed Harris",8.2,8.2
143,144,Jurassic Park,Jurassic Park (1993),1993,"Steven Spielberg (dir.), Sam Neill, Laura Dern",8.1,8.1
144,145,Yojimbo,Yojimbo (1961),1961,"Akira Kurosawa (dir.), Toshirô Mifune, Eijirô Tôno",8.1,8.1
145,146,The Treasure of the Sierra Madre,The Treasure of the Sierra Madre (1948),1948,"John Huston (dir.), Humphrey Bogart, Walter Huston",8.1,8.1
146,147,Monty Python and the Holy Grail,Monty Python and the Holy Grail (1975),1975,"Terry Gilliam (dir.), Graham Chapman, John Cleese",8.1,8.1
147,148,The Great Escape,The Great Escape (1963),1963,"John Sturges (dir.), Steve McQueen, James Garner",8.1,8.1
148,149,No Country for Old Men,No Country for Old Men (2007),2007,"Ethan Coen (dir.), Tommy Lee Jones, Javier Bardem",8.1,8.1
149,150,Spider-Man: No Way Home,Spider-Man: No Way Home (2021),2021,"Jon Watts (dir.), Tom Holland, Zendaya",8.1,8.1
150,151,Kill Bill: Vol. 1,Kill Bill: Vol. 1 (2003),2003,"Quentin Tarantino (dir.), Uma Thurman, David Carradine",8.1,8.1
151,152,Rashomon,Rashomon (1950),1950,"Akira Kurosawa (dir.), Toshirô Mifune, Machiko Kyô",8.1,8.1
152,153,The Thing,The Thing (1982),1982,"John Carpenter (dir.), Kurt Russell, Wilford Brimley",8.1,8.1
153,154,Finding Nemo,Finding Nemo (2003),2003,"Andrew Stanton (dir.), Albert Brooks, Ellen DeGeneres",8.1,8.1
154,155,The Elephant Man,The Elephant Man (1980),1980,"David Lynch (dir.), Anthony Hopkins, John Hurt",8.1,8.1
155,156,Chinatown,Chinatown (1974),1974,"Roman Polanski (dir.), Jack Nicholson, Faye Dunaway",8.1,8.1
156,157,Raging Bull,Raging Bull (1980),1980,"Martin Scorsese (dir.), Robert De Niro, Cathy Moriarty",8.1,8.1
157,158,V for Vendetta,V for Vendetta (2005),2005,"James McTeigue (dir.), Hugo Weaving, Natalie Portman",8.1,8.1
158,159,Gone with the Wind,Gone with the Wind (1939),1939,"Victor Fleming (dir.), Clark Gable, Vivien Leigh",8.1,8.1
159,160,"Lock, Stock and Two Smoking Barrels","Lock, Stock and Two Smoking Barrels (1998)",1998,"Guy Ritchie (dir.), Jason Flemyng, Dexter Fletcher",8.1,8.1
160,161,Inside Out,Inside Out (2015),2015,"Pete Docter (dir.), Amy Poehler, Bill Hader",8.1,8.1
161,162,Dial M for Murder,Dial M for Murder (1954),1954,"Alfred Hitchcock (dir.), Ray Milland, Grace Kelly",8.1,8.1
162,163,The Secret in Their Eyes,The Secret in Their Eyes (2009),2009,"Juan José Campanella (dir.), Ricardo Darín, Soledad Villamil",8.1,8.1
163,164,Howl's Moving Castle,Howl's Moving Castle (2004),2004,"Hayao Miyazaki (dir.), Chieko Baisho, Takuya Kimura",8.1,8.1
164,165,"Three Billboards Outside Ebbing, Missouri","Three Billboards Outside Ebbing, Missouri (2017)",2017,"Martin McDonagh (dir.), Frances McDormand, Woody Harrelson",8.1,8.1
165,166,The Bridge on the River Kwai,The Bridge on the River Kwai (1957),1957,"David Lean (dir.), William Holden, Alec Guinness",8.1,8.1
166,167,Trainspotting,Trainspotting (1996),1996,"Danny Boyle (dir.), Ewan McGregor, Ewen Bremner",8.1,8.1
167,168,Prisoners,Prisoners (2013),2013,"Denis Villeneuve (dir.), Hugh Jackman, Jake Gyllenhaal",8.1,8.1
168,169,Warrior,Warrior (2011),2011,"Gavin O'Connor (dir.), Tom Hardy, Nick Nolte",8.1,8.1
169,170,Fargo,Fargo (1996),1996,"Joel Coen (dir.), William H. Macy, Frances McDormand",8.1,8.1
170,171,Gran Torino,Gran Torino (2008),2008,"Clint Eastwood (dir.), Clint Eastwood, Bee Vang",8.1,8.1
171,172,My Neighbor Totoro,My Neighbor Totoro (1988),1988,"Hayao Miyazaki (dir.), Hitoshi Takagi, Noriko Hidaka",8.1,8.1
172,173,Catch Me If You Can,Catch Me If You Can (2002),2002,"Steven Spielberg (dir.), Leonardo DiCaprio, Tom Hanks",8.1,8.1
173,174,Million Dollar Baby,Million Dollar Baby (2004),2004,"Clint Eastwood (dir.), Hilary Swank, Clint Eastwood",8.1,8.1
174,175,Children of Heaven,Children of Heaven (1997),1997,"Majid Majidi (dir.), Mohammad Amir Naji, Amir Farrokh Hashemian",8.1,8.1
175,176,Blade Runner,Blade Runner (1982),1982,"Ridley Scott (dir.), Harrison Ford, Rutger Hauer",8.1,8.1
176,177,The Gold Rush,The Gold Rush (1925),1925,"Charles Chaplin (dir.), Charles Chaplin, Mack Swain",8.1,8.1
177,178,Before Sunrise,Before Sunrise (1995),1995,"Richard Linklater (dir.), Ethan Hawke, Julie Delpy",8.1,8.1
178,179,12 Years a Slave,12 Years a Slave (2013),2013,"Steve McQueen (dir.), Chiwetel Ejiofor, Michael Kenneth Williams",8.1,8.1
179,180,Klaus,Klaus (2019),2019,"Sergio Pablos (dir.), Jason Schwartzman, J.K. Simmons",8.1,8.1
180,181,Harry Potter and the Deathly Hallows: Part 2,Harry Potter and the Deathly Hallows: Part 2 (2011),2011,"David Yates (dir.), Daniel Radcliffe, Emma Watson",8.1,8.1
181,182,On the Waterfront,On the Waterfront (1954),1954,"Elia Kazan (dir.), Marlon Brando, Karl Malden",8.1,8.1
182,183,Ben-Hur,Ben-Hur (1959),1959,"William Wyler (dir.), Charlton Heston, Jack Hawkins",8.1,8.1
183,184,Gone Girl,Gone Girl (2014),2014,"David Fincher (dir.), Ben Affleck, Rosamund Pike",8.1,8.1
184,185,The Grand Budapest Hotel,The Grand Budapest Hotel (2014),2014,"Wes Anderson (dir.), Ralph Fiennes, F. Murray Abraham",8.1,8.1
185,186,Wild Strawberries,Wild Strawberries (1957),1957,"Ingmar Bergman (dir.), Victor Sjöström, Bibi Andersson",8.1,8.1
186,187,The General,The General (1926),1926,"Clyde Bruckman (dir.), Buster Keaton, Marion Mack",8.1,8.1
187,188,The Third Man,The Third Man (1949),1949,"Carol Reed (dir.), Orson Welles, Joseph Cotten",8.1,8.1
188,189,In the Name of the Father,In the Name of the Father (1993),1993,"Jim Sheridan (dir.), Daniel Day-Lewis, Pete Postlethwaite",8.1,8.1
189,190,The Deer Hunter,The Deer Hunter (1978),1978,"Michael Cimino (dir.), Robert De Niro, Christopher Walken",8.1,8.1
190,191,Barry Lyndon,Barry Lyndon (1975),1975,"Stanley Kubrick (dir.), Ryan O'Neal, Marisa Berenson",8.1,8.1
191,192,Hacksaw Ridge,Hacksaw Ridge (2016),2016,"Mel Gibson (dir.), Andrew Garfield, Sam Worthington",8.1,8.1
192,193,The Wages of Fear,The Wages of Fear (1953),1953,"Henri-Georges Clouzot (dir.), Yves Montand, Charles Vanel",8.1,8.1
193,194,Memories of Murder,Memories of Murder (2003),2003,"Bong Joon Ho (dir.), Song Kang-ho, Kim Sang-kyung",8.1,8.1
194,195,Sherlock Jr.,Sherlock Jr. (1924),1924,"Buster Keaton (dir.), Buster Keaton, Kathryn McGuire",8.1,8.1
195,196,Wild Tales,Wild Tales (2014),2014,"Damián Szifron (dir.), Darío Grandinetti, María Marull",8.1,8.1
196,197,Mr. Smith Goes to Washington,Mr. Smith Goes to Washington (1939),1939,"Frank Capra (dir.), James Stewart, Jean Arthur",8.1,8.1
197,198,Mad Max: Fury Road,Mad Max: Fury Road (2015),2015,"George Miller (dir.), Tom Hardy, Charlize Theron",8.1,8.1
198,199,The Seventh Seal,The Seventh Seal (1957),1957,"Ingmar Bergman (dir.), Max von Sydow, Gunnar Björnstrand",8.1,8.1
199,200,Mary and Max,Mary and Max (2009),2009,"Adam Elliot (dir.), Toni Collette, Philip Seymour Hoffman",8.1,8.1
200,201,How to Train Your Dragon,How to Train Your Dragon (2010),2010,"Dean DeBlois (dir.), Jay Baruchel, Gerard Butler",8.1,8.1
201,202,Room,Room (2015),2015,"Lenny Abrahamson (dir.), Brie Larson, Jacob Tremblay",8.1,8.1
202,203,"Monsters, Inc.","Monsters, Inc. (2001)",2001,"Pete Docter (dir.), Billy Crystal, John Goodman",8.1,8.1
203,204,Jaws,Jaws (1975),1975,"Steven Spielberg (dir.), Roy Scheider, Robert Shaw",8.1,8.1
204,205,Dead Poets Society,Dead Poets Society (1989),1989,"Peter Weir (dir.), Robin Williams, Robert Sean Leonard",8.1,8.1
205,206,The Big Lebowski,The Big Lebowski (1998),1998,"Joel Coen (dir.), Jeff Bridges, John Goodman",8.1,8.1
206,207,Tokyo Story,Tokyo Story (1953),1953,"Yasujirô Ozu (dir.), Chishû Ryû, Chieko Higashiyama",8.1,8.1
207,208,The Passion of Joan of Arc,The Passion of Joan of Arc (1928),1928,"Carl Theodor Dreyer (dir.), Maria Falconetti, Eugene Silvain",8.1,8.1
208,209,Hotel Rwanda,Hotel Rwanda (2004),2004,"Terry George (dir.), Don Cheadle, Sophie Okonedo",8.0,8.0
209,210,Ford v Ferrari,Ford v Ferrari (2019),2019,"James Mangold (dir.), Matt Damon, Christian Bale",8.0,8.0
210,211,Rocky,Rocky (1976),1976,"John G. Avildsen (dir.), Sylvester Stallone, Talia Shire",8.0,8.0
211,212,Platoon,Platoon (1986),1986,"Oliver Stone (dir.), Charlie Sheen, Tom Berenger",8.0,8.0
212,213,Ratatouille,Ratatouille (2007),2007,"Brad Bird (dir.), Brad Garrett, Lou Romano",8.0,8.0
213,214,Spotlight,Spotlight (2015),2015,"Tom McCarthy (dir.), Mark Ruffalo, Michael Keaton",8.0,8.0
214,215,The Terminator,The Terminator (1984),1984,"James Cameron (dir.), Arnold Schwarzenegger, Linda Hamilton",8.0,8.0
215,216,Logan,Logan (2017),2017,"James Mangold (dir.), Hugh Jackman, Patrick Stewart",8.0,8.0
216,217,Stand by Me,Stand by Me (1986),1986,"Rob Reiner (dir.), Wil Wheaton, River Phoenix",8.0,8.0
217,218,Rush,Rush (2013),2013,"Ron Howard (dir.), Daniel Brühl, Chris Hemsworth",8.0,8.0
218,219,Network,Network (1976),1976,"Sidney Lumet (dir.), Faye Dunaway, William Holden",8.0,8.0
219,220,Into the Wild,Into the Wild (2007),2007,"Sean Penn (dir.), Emile Hirsch, Vince Vaughn",8.0,8.0
220,221,Before Sunset,Before Sunset (2004),2004,"Richard Linklater (dir.), Ethan Hawke, Julie Delpy",8.0,8.0
221,222,The Wizard of Oz,The Wizard of Oz (1939),1939,"Victor Fleming (dir.), Judy Garland, Frank Morgan",8.0,8.0
222,223,Pather Panchali,Pather Panchali (1955),1955,"Satyajit Ray (dir.), Kanu Bannerjee, Karuna Bannerjee",8.0,8.0
223,224,Groundhog Day,Groundhog Day (1993),1993,"Harold Ramis (dir.), Bill Murray, Andie MacDowell",8.0,8.0
224,225,The Best Years of Our Lives,The Best Years of Our Lives (1946),1946,"William Wyler (dir.), Myrna Loy, Dana Andrews",8.0,8.0
225,226,The Exorcist,The Exorcist (1973),1973,"William Friedkin (dir.), Ellen Burstyn, Max von Sydow",8.0,8.0
226,227,The Incredibles,The Incredibles (2004),2004,"Brad Bird (dir.), Craig T. Nelson, Samuel L. Jackson",8.0,8.0
227,228,To Be or Not to Be,To Be or Not to Be (1942),1942,"Ernst Lubitsch (dir.), Carole Lombard, Jack Benny",8.0,8.0
228,229,La haine,La haine (1995),1995,"Mathieu Kassovitz (dir.), Vincent Cassel, Hubert Koundé",8.0,8.0
229,230,The Battle of Algiers,The Battle of Algiers (1966),1966,"Gillo Pontecorvo (dir.), Brahim Hadjadj, Jean Martin",8.0,8.0
230,231,Pirates of the Caribbean: The Curse of the Black Pearl,Pirates of the Caribbean: The Curse of the Black Pearl (2003),2003,"Gore Verbinski (dir.), Johnny Depp, Geoffrey Rush",8.0,8.0
231,232,Hachi: A Dog's Tale,Hachi: A Dog's Tale (2009),2009,"Lasse Hallström (dir.), Richard Gere, Joan Allen",8.0,8.0
232,233,The Grapes of Wrath,The Grapes of Wrath (1940),1940,"John Ford (dir.), Henry Fonda, Jane Darwell",8.0,8.0
233,234,Jai Bhim,Jai Bhim (2021),2021,"T.J. Gnanavel (dir.), Suriya, Lijo Mol Jose",8.0,8.0
234,235,My Father and My Son,My Father and My Son (2005),2005,"Çagan Irmak (dir.), Çetin Tekindor, Fikret Kuskan",8.0,8.0
235,236,Amores Perros,Amores Perros (2000),2000,"Alejandro G. Iñárritu (dir.), Emilio Echevarría, Gael García Bernal",8.0,8.0
236,237,Rebecca,Rebecca (1940),1940,"Alfred Hitchcock (dir.), Laurence Olivier, Joan Fontaine",8.0,8.0
237,238,Cool Hand Luke,Cool Hand Luke (1967),1967,"Stuart Rosenberg (dir.), Paul Newman, George Kennedy",8.0,8.0
238,239,The Handmaiden,The Handmaiden (2016),2016,"Park Chan-wook (dir.), Kim Min-hee, Ha Jung-woo",8.0,8.0
239,240,The 400 Blows,The 400 Blows (1959),1959,"François Truffaut (dir.), Jean-Pierre Léaud, Albert Rémy",8.0,8.0
240,241,The Sound of Music,The Sound of Music (1965),1965,"Robert Wise (dir.), Julie Andrews, Christopher Plummer",8.0,8.0
241,242,It Happened One Night,It Happened One Night (1934),1934,"Frank Capra (dir.), Clark Gable, Claudette Colbert",8.0,8.0
242,243,Persona,Persona (1966),1966,"Ingmar Bergman (dir.), Bibi Andersson, Liv Ullmann",8.0,8.0
243,244,Life of Brian,Life of Brian (1979),1979,"Terry Jones (dir.), Graham Chapman, John Cleese",8.0,8.0
244,245,The Iron Giant,The Iron Giant (1999),1999,"Brad Bird (dir.), Eli Marienthal, Harry Connick Jr.",8.0,8.0
245,246,Dersu Uzala,Dersu Uzala (1975),1975,"Akira Kurosawa (dir.), Maksim Munzuk, Yuriy Solomin",8.0,8.0
246,247,The Help,The Help (2011),2011,"Tate Taylor (dir.), Viola Davis, Emma Stone",8.0,8.0
247,248,Aladdin,Aladdin (1992),1992,"Ron Clements (dir.), Scott Weinger, Robin Williams",8.0,8.0
248,249,Gandhi,Gandhi (1982),1982,"Richard Attenborough (dir.), Ben Kingsley, John Gielgud",8.0,8.0
249,250,Dances with Wolves,Dances with Wolves (1990),1990,"Kevin Costner (dir.), Kevin Costner, Mary McDonnell",8.0,8.0
